clgx-network-au-nonprd-3ee6,clgx-suburb-scorecard-uat-0c05,0
clgx-network-au-nonprd-3ee6,clgx-valex-data-dev-bfa6,0
clgx-network-au-nonprd-3ee6,clgx-clasia-dwh-uat-613e,0
clgx-network-au-nonprd-3ee6,clgx-property-bureau-uat-2550,0
clgx-network-au-nonprd-3ee6,clgx-rpp-crux-dev-6144,0
clgx-network-au-nonprd-3ee6,clgx-clasia-dwh-dev-face,0
clgx-network-au-nonprd-3ee6,clgx-valex-data-uat-b905,0
clgx-network-au-nonprd-3ee6,clgx-valex-app-uat-ef87,0
clgx-network-au-nonprd-3ee6,clgx-jira-conf-uat-2ee3,0
clgx-network-au-nonprd-3ee6,clgx-valex-app-dev-6622,0
clgx-network-au-nonprd-3ee6,clgx-suburb-scorecard-dev-2b0f,0
clgx-network-au-nonprd-3ee6,clgx-rpp-crux-uat-d8da,0
clgx-network-au-nonprd-3ee6,clgx-jira-conf-dev-9afc,0
clgx-network-au-nonprd-3ee6,clgx-property-bureau-dev-cde4,1
clgx-network-au-prd-c1e4,clgx-valex-app-prd-5856,0
clgx-network-au-prd-c1e4,clgx-valex-app-dr-aa2f,0
clgx-network-au-prd-c1e4,clgx-rpp-crux-prd-f265,0
clgx-network-au-prd-c1e4,clgx-valex-data-prd-e54b,0
clgx-network-au-prd-c1e4,clgx-property-bureau-prd-685c,0
clgx-network-au-prd-c1e4,clgx-clasia-dwh-prd-aa1e,0
clgx-network-au-prd-c1e4,clgx-valex-data-dr-15e9,0
clgx-network-au-prd-c1e4,clgx-jira-conf-prd-9d55,0
clgx-network-au-prd-c1e4,clgx-suburb-scorecard-prd-181b,0
clgx-network-au-sbx-0588,clgx-valex-app-sbx-be9c,0
clgx-network-au-sbx-0588,clgx-property-bureau-sbx-1bba,4
clgx-network-au-sbx-0588,clgx-jira-conf-sbx-62d2,0
clgx-network-au-sbx-0588,clgx-suburb-scorecard-sbx-7880,0
clgx-network-au-sbx-0588,clgx-valex-data-sbx-14fe,0
clgx-network-au-sbx-0588,clgx-clasia-dwh-sbx-52d5,0
clgx-network-au-sbx-0588,clgx-rpp-crux-sbx-388d,0
clgx-network-fnc-c278,clgx-fnc-vel-glb-prd-bec1,0
clgx-network-fnc-c278,clgx-fnc-glb-sbx-a94c,26
clgx-network-fnc-c278,clgx-fnc-glb-dev-1e27,0
clgx-network-fnc-c278,clgx-fnc-glb-data-sbx-367d,3
clgx-network-fnc-c278,clgx-fnc-glb-data-nonprd-52bd,0
clgx-network-fnc-c278,clgx-fnc-rehydrator-sbx-bb15,0
clgx-network-fnc-c278,clgx-fnc-glb-int-14a0,0
clgx-network-fnc-c278,clgx-fnc-glb-data-prd-d7f6,0
clgx-network-fnc-c278,clgx-fnc-glb-dr-2234,0
clgx-network-fnc-c278,clgx-fnc-glb-uat-4cc0,0
clgx-network-fnc-c278,clgx-fnc-glb-prd-b9e8,0
clgx-network-mgt-ebc5,clgx-elk-mla-prd-glb-prd-8085,35
clgx-network-mgt-ebc5,clgx-imgfact-glb-stg-9052,9
clgx-network-mgt-ebc5,clgx-clasia-mft-prd-2665,1
clgx-network-mgt-ebc5,clgx-ping-apac-client-prd-8fb4,0
clgx-network-mgt-ebc5,clgx-aus-account-mgmt-prd-b59a,0
clgx-network-mgt-ebc5,clgx-gsuite-logs-glb-prd-aeb1,0
clgx-network-mgt-ebc5,gcp-stackdriver-prod-7667,0
clgx-network-mgt-ebc5,clgx-bosh-pcf-glb-prd-400c,14
clgx-network-mgt-ebc5,clgx-jira-glb-prd-9da3,0
clgx-network-mgt-ebc5,clgx-imgfact-glb-dev-9544,0
clgx-network-mgt-ebc5,clgx-elk-mla-np-glb-prd-cf27,38
clgx-network-mgt-ebc5,clgx-jenkins-glb-prd-8ea3,14
clgx-network-mgt-ebc5,clgx-commvault-data-prd-06eb,0
clgx-network-mgt-ebc5,clgx-sd-common-prd-1384,0
clgx-network-mgt-ebc5,clgx-ping-us-ent-prd-325d,0
clgx-network-mgt-ebc5,clgx-smtp-svcs-prd-1518,4
clgx-network-mgt-ebc5,clgx-cyxtera-mgt-prd-c368,21
clgx-network-mgt-ebc5,clgx-dns-prd-f203,6
clgx-network-mgt-ebc5,clgx-jira-data-glb-prd-2c35,0
clgx-network-mgt-ebc5,clgx-hashicorp-vault-prd-21f1,19
clgx-network-mgt-ebc5,clgx-idap-ad-prd-e7db,4
clgx-network-mgt-ebc5,clgx-terraform-prd-ae77,2
clgx-network-mgt-ebc5,clgx-imgfact-glb-prd-6e72,0
clgx-network-mgt-ebc5,clgx-telescopeai-prd-aaff,0
clgx-network-mgt-ebc5,clgx-imgfact-repo-glb-dev-c392,0
clgx-network-mgt-ebc5,clgx-cast-aip-glb-prd-d9a6,18
clgx-network-mgt-ebc5,clgx-commvault-prd-ca17,4
clgx-network-mgt-ebc5,clgx-tsg-nexus-glb-prd-a745,0
clgx-network-mgt-ebc5,gcp-stackdriver-sbx-e98a,0
clgx-network-mgt-ebc5,clgx-forseti-prd-0238,8
clgx-network-mgt-ebc5,clgx-kta-ad-prd-561c,0
clgx-network-mgt-ebc5,clgx-gemalto-glb-prd-8b2a,2
clgx-network-mgt-ebc5,clgx-service-now-glb-prd-5c59,5
clgx-network-mgt-ebc5,clgx-core-svcs-prd-1073,0
clgx-network-mgt-ebc5,clgx-kms-glb-prd-2a06,0
clgx-network-mgt-ebc5,clgx-swam-app-prd-6ec8,3
clgx-network-mgt-ebc5,clgx-imgfact-repo-glb-prd-f2a0,0
clgx-network-mgt-ebc5,clgx-incident-mgt-prd-30eb,4
clgx-network-mgt-ebc5,clgx-key-management-prd-06af,0
clgx-network-mgt-ebc5,clgx-imgfact-repo-glb-stg-4c00,0
clgx-network-mgt-ebc5,clgx-ping-apac-ent-prd-fe32,0
clgx-network-mgt-ebc5,clgx-mft-ad-prd-829a,39
clgx-network-mgt-ebc5,clgx-splunkhf-glb-prd-53b2,5
clgx-network-mgt-ebc5,clgx-qualys-glb-prd-2b1b,7
clgx-network-mgt-ebc5,clgx-bosh-pcf-glb-sbx-d61f,4
clgx-network-mgt-ebc5,clgx-ping-us-client-prd-6c2c,0
clgx-network-mgt-ebc5,clgx-jenkins-gen1-glb-prd-adfc,0
clgx-network-mgt-ebc5,clgx-conjur-glb-prd-085f,0
clgx-network-mgt-ebc5,clgx-ddve-glb-prd-6d76,53
clgx-network-mgt-ebc5,gcp-stackdriver-nonprod-b878,0
clgx-network-mgt-ebc5,clgx-divvycloud-glb-prd-08ba,15
clgx-network-mgt-ebc5,clgx-jenkins-glb-dev-281d,12
clgx-network-mgt-ebc5,clgx-iac-prd-757b,0
clgx-network-msb-a44d,clgx-ins-com-can-uat-eab2,0
clgx-network-msb-a44d,clgx-ins-com-glb-dev-c522,0
clgx-network-msb-a44d,clgx-ins-res-glb-dev-1a0a,0
clgx-network-msb-a44d,clgx-ins-com-glb-data-dev-f59d,0
clgx-network-msb-a44d,clgx-ins-com-can-stg-f73e,0
clgx-network-msb-a44d,clgx-msb-glb-data-sbx-d323,0
clgx-network-msb-a44d,clgx-ins-res-glb-int-4cab,0
clgx-network-msb-a44d,clgx-msb-glb-vel-prd-02f1,0
clgx-network-msb-a44d,clgx-ins-com-can-prd-f18d,0
clgx-network-msb-a44d,clgx-ins-res-can-uat-1f7f,0
clgx-network-msb-a44d,clgx-ins-res-can-stg-8b8c,0
clgx-network-msb-a44d,clgx-msb-rehydrator-prd-c087,0
clgx-network-msb-a44d,clgx-ins-com-glb-int-7ce3,0
clgx-network-msb-a44d,clgx-ins-res-can-prd-2576,0
clgx-network-msb-a44d,clgx-msb-glb-prd-ea66,0
clgx-network-msb-a44d,clgx-msb-glb-sbx-abc9,21
clgx-network-nonprd-4dd3,clgx-factcheck-app-int-deda,3
clgx-network-nonprd-4dd3,clgx-fema-data-dev-d657,0
clgx-network-nonprd-4dd3,clgx-threshold-int-5c31,0
clgx-network-nonprd-4dd3,clgx-clpsvcs-data-glb-prf-1924,0
clgx-network-nonprd-4dd3,clgx-vsg-ascope-glb-stg-9c1f,5
clgx-network-nonprd-4dd3,clgx-pcf-eu-w2-dev-b2b4,96
clgx-network-nonprd-4dd3,clgx-factcheck-app-prf-c6e5,3
clgx-network-nonprd-4dd3,clgx-ds-data-int-f6cd,0
clgx-network-nonprd-4dd3,clgx-reactor-app-uat-0572,0
clgx-network-nonprd-4dd3,clgx-pcf-na-ne1-stg-96e7,99
clgx-network-nonprd-4dd3,clgx-leasing-mgr-data-dev-9eed,0
clgx-network-nonprd-4dd3,clgx-wvs-data-int-ce8f,0
clgx-network-nonprd-4dd3,clgx-tsg-clpsvcs-glb-stg-e6c9,0
clgx-network-nonprd-4dd3,clgx-vsg-imgatics-glb-uat-853f,0
clgx-network-nonprd-4dd3,clgx-floodcert-app-int-ee44,0
clgx-network-nonprd-4dd3,clgx-vsg-imgatics-glb-prf-3dff,0
clgx-network-nonprd-4dd3,clgx-scdf-data-uat-f0d4,0
clgx-network-nonprd-4dd3,clgx-pxpointweb-data-prf-e29b,0
clgx-network-nonprd-4dd3,clgx-informatica-dev-3227,0
clgx-network-nonprd-4dd3,clgx-homevisit-data-dev-a2da,0
clgx-network-nonprd-4dd3,clgx-rbi-dev-6a07,0
clgx-network-nonprd-4dd3,clgx-advisorypor-app-int-b6ee,0
clgx-network-nonprd-4dd3,clgx-valsvcs-app-dev-3be6,0
clgx-network-nonprd-4dd3,clgx-scdf-data-dev-d693,0
clgx-network-nonprd-4dd3,clgx-fema-data-uat-85fc,0
clgx-network-nonprd-4dd3,clgx-leasing-mgr-dev-faf2,0
clgx-network-nonprd-4dd3,clgx-vsg-imgatics-glb-dev-62d7,0
clgx-network-nonprd-4dd3,clgx-rpsservices-data-prf-4b81,0
clgx-network-nonprd-4dd3,clgx-idcservices-app-uat-bfa3,0
clgx-network-nonprd-4dd3,clgx-ins-rct-exp-glb-dev-1810,6
clgx-network-nonprd-4dd3,clgx-idap-tools-uat-d514,0
clgx-network-nonprd-4dd3,clgx-idap-bigquery-prf-e9a9,0
clgx-network-nonprd-4dd3,clgx-fema-data-int-4d0e,0
clgx-network-nonprd-4dd3,clgx-pxpointweb-data-int-9cec,0
clgx-network-nonprd-4dd3,clgx-dtsched-stg-9aeb,0
clgx-network-nonprd-4dd3,clgx-pcf-au-se1-stg-1fc4,117
clgx-network-nonprd-4dd3,clgx-pxpointweb-app-int-d57b,0
clgx-network-nonprd-4dd3,clgx-rpsservices-data-uat-8ab9,0
clgx-network-nonprd-4dd3,clgx-idcservices-app-int-029e,0
clgx-network-nonprd-4dd3,clgx-aotf-data-dev-7006,2
clgx-network-nonprd-4dd3,clgx-homevisit-app-prf-8178,0
clgx-network-nonprd-4dd3,clgx-clpsvcs-data-glb-int-b1c2,0
clgx-network-nonprd-4dd3,clgx-mtx-data-glb-int-49f8,0
clgx-network-nonprd-4dd3,clgx-algorithm-proc-int-6c1e,0
clgx-network-nonprd-4dd3,clgx-kta-uat-9298,0
clgx-network-nonprd-4dd3,clgx-skytools-prf-52bd,0
clgx-network-nonprd-4dd3,clgx-rbi-stg-cd84,0
clgx-network-nonprd-4dd3,clgx-ptls-app-dev-d11b,0
clgx-network-nonprd-4dd3,clgx-ctt-data-uat-fa93,0
clgx-network-nonprd-4dd3,clgx-surveillance-int-4316,0
clgx-network-nonprd-4dd3,clgx-renters-ins-uat-d59c,0
clgx-network-nonprd-4dd3,clgx-uwc-data-dev-9bfd,0
clgx-network-nonprd-4dd3,clgx-dtsched-dev-1aa5,3
clgx-network-nonprd-4dd3,clgx-control-services-uat-470a,0
clgx-network-nonprd-4dd3,clgx-leasing-mgr-prf-19fa,0
clgx-network-nonprd-4dd3,clgx-factcheck-data-prf-8381,0
clgx-network-nonprd-4dd3,clgx-renters-ins-prf-fbd7,0
clgx-network-nonprd-4dd3,clgx-homevisit-app-uat-3212,2
clgx-network-nonprd-4dd3,clgx-idcservices-data-uat-5e77,2
clgx-network-nonprd-4dd3,clgx-ptls-data-int-a143,0
clgx-network-nonprd-4dd3,clgx-taxbi-dev-02a4,0
clgx-network-nonprd-4dd3,clgx-floodcert-app-dev-594b,0
clgx-network-nonprd-4dd3,clgx-floodcert-data-dev-7a96,0
clgx-network-nonprd-4dd3,clgx-ecommerce-prf-4af6,0
clgx-network-nonprd-4dd3,clgx-wvs-data-dev-5e42,6
clgx-network-nonprd-4dd3,clgx-rpsservices-data-dev-deec,0
clgx-network-nonprd-4dd3,clgx-skytools-dev-e47c,0
clgx-network-nonprd-4dd3,clgx-modelx-uat-ab75,0
clgx-network-nonprd-4dd3,clgx-uwc-data-uat-2146,0
clgx-network-nonprd-4dd3,clgx-leasing-mgr-data-int-027b,0
clgx-network-nonprd-4dd3,clgx-dtsched-uat-4803,0
clgx-network-nonprd-4dd3,clgx-mtx-data-glb-dev-b35d,0
clgx-network-nonprd-4dd3,clgx-factcheck-data-int-9800,0
clgx-network-nonprd-4dd3,clgx-reactor-data-prf-977d,0
clgx-network-nonprd-4dd3,clgx-skytools-uat-07a7,0
clgx-network-nonprd-4dd3,clgx-ctt-app-uat-6620,0
clgx-network-nonprd-4dd3,clgx-greenplum-prf-4d34,0
clgx-network-nonprd-4dd3,clgx-ins-gpl-db-glb-uat-81d0,15
clgx-network-nonprd-4dd3,clgx-algorithm-proc-uat-63c3,0
clgx-network-nonprd-4dd3,clgx-ctt-app-prf-8209,0
clgx-network-nonprd-4dd3,clgx-idcservices-data-dev-86a2,2
clgx-network-nonprd-4dd3,clgx-floodcert-app-prf-669f,0
clgx-network-nonprd-4dd3,clgx-reactor-data-int-2867,3
clgx-network-nonprd-4dd3,clgx-threshold-data-uat-37bb,2
clgx-network-nonprd-4dd3,clgx-reactor-data-dev-bffa,5
clgx-network-nonprd-4dd3,clgx-pxpointweb-data-uat-613c,0
clgx-network-nonprd-4dd3,clgx-reactor-app-dev-534a,0
clgx-network-nonprd-4dd3,clgx-gcs-glb-int-25a6,1
clgx-network-nonprd-4dd3,clgx-dataproc-glb-int-f561,67
clgx-network-nonprd-4dd3,clgx-crd-aiq-glb-stg-255d,0
clgx-network-nonprd-4dd3,clgx-rct5-app-int-74b0,0
clgx-network-nonprd-4dd3,clgx-pxpointweb-app-prf-1eed,0
clgx-network-nonprd-4dd3,clgx-ds-app-int-c2de,0
clgx-network-nonprd-4dd3,clgx-algorithm-proc-dev-eddd,26
clgx-network-nonprd-4dd3,clgx-ecommerce-dev-7a15,0
clgx-network-nonprd-4dd3,clgx-dataproc-glb-dev-a0e3,80
clgx-network-nonprd-4dd3,clgx-vsg-ascope-data-stg-6754,0
clgx-network-nonprd-4dd3,clgx-mtx-glb-dev-2e3d,0
clgx-network-nonprd-4dd3,clgx-ins-gpl-app-glb-dev-4135,64
clgx-network-nonprd-4dd3,clgx-idap-db-services-int-9821,6
clgx-network-nonprd-4dd3,clgx-renters-ins-data-prf-1385,0
clgx-network-nonprd-4dd3,clgx-homevisit-app-dev-d305,1
clgx-network-nonprd-4dd3,clgx-web-services-prf-b547,0
clgx-network-nonprd-4dd3,clgx-ins-rct-exp-data-prf-be92,0
clgx-network-nonprd-4dd3,clgx-vsg-ascope-glb-dev-0c8b,18
clgx-network-nonprd-4dd3,clgx-ecommerce-uat-7610,0
clgx-network-nonprd-4dd3,clgx-reas-glb-uat-4ae3,0
clgx-network-nonprd-4dd3,clgx-pxpointbld-data-prf-f834,0
clgx-network-nonprd-4dd3,clgx-pcf-us-c1-dev-35b4,200
clgx-network-nonprd-4dd3,clgx-scdf-data-prf-052e,0
clgx-network-nonprd-4dd3,clgx-vsg-qvp-glb-dev-2ee0,7
clgx-network-nonprd-4dd3,clgx-vsg-qvp-glb-stg-c6c9,6
clgx-network-nonprd-4dd3,clgx-greenplum-int-0ca5,10
clgx-network-nonprd-4dd3,clgx-pxpointbld-app-int-cbf4,0
clgx-network-nonprd-4dd3,clgx-greenplum-uat-1ffa,0
clgx-network-nonprd-4dd3,clgx-modelx-dev-68bd,4
clgx-network-nonprd-4dd3,clgx-cyxtera-np-prd-79ce,2
clgx-network-nonprd-4dd3,clgx-rpsservices-data-int-38a4,0
clgx-network-nonprd-4dd3,clgx-rct5-data-dev-b84a,2
clgx-network-nonprd-4dd3,clgx-clasia-mft-uat-ac29,0
clgx-network-nonprd-4dd3,clgx-pxpointweb-app-uat-b4fe,1
clgx-network-nonprd-4dd3,clgx-ins-gpl-etl-glb-dev-ece2,2
clgx-network-nonprd-4dd3,clgx-pcf-eu-w4-dev-125b,97
clgx-network-nonprd-4dd3,clgx-advisorypor-data-dev-38e2,0
clgx-network-nonprd-4dd3,clgx-decsvcs-app-uat-939d,0
clgx-network-nonprd-4dd3,clgx-oracle-glb-nonprd-2921,54
clgx-network-nonprd-4dd3,clgx-idap-elasticsrch-int-e591,13
clgx-network-nonprd-4dd3,clgx-onthehouse-glb-stg-9e4a,3
clgx-network-nonprd-4dd3,clgx-idap-tools-dev-a441,4
clgx-network-nonprd-4dd3,clgx-pcf-eu-w2-stg-f471,96
clgx-network-nonprd-4dd3,clgx-rpsservices-app-int-8985,0
clgx-network-nonprd-4dd3,clgx-ins-rct-calc-glb-dev-e89f,0
clgx-network-nonprd-4dd3,clgx-leasing-mgr-int-486e,0
clgx-network-nonprd-4dd3,clgx-vsg-ascope-data-dev-1c12,4
clgx-network-nonprd-4dd3,clgx-valsvcs-app-int-70ce,0
clgx-network-nonprd-4dd3,clgx-homevisit-data-prf-2cc3,0
clgx-network-nonprd-4dd3,clgx-valsvcs-data-uat-0748,2
clgx-network-nonprd-4dd3,clgx-renters-ins-int-f85a,0
clgx-network-nonprd-4dd3,clgx-floodcert-app-uat-0f8e,0
clgx-network-nonprd-4dd3,clgx-decsvcs-data-int-b783,2
clgx-network-nonprd-4dd3,clgx-aotf-app-prf-8e7b,0
clgx-network-nonprd-4dd3,clgx-ins-rct-exp-glb-uat-c216,4
clgx-network-nonprd-4dd3,clgx-idcservices-data-prf-02ba,0
clgx-network-nonprd-4dd3,clgx-ds-app-prf-9d2e,0
clgx-network-nonprd-4dd3,clgx-idcservices-app-dev-740f,0
clgx-network-nonprd-4dd3,clgx-pcf-us-w1-stg-8daa,174
clgx-network-nonprd-4dd3,clgx-aotf-app-uat-5b4f,0
clgx-network-nonprd-4dd3,clgx-tsg-clpsvcs-glb-dev-9eba,0
clgx-network-nonprd-4dd3,clgx-mtx-svcs-stg-d188,8
clgx-network-nonprd-4dd3,clgx-crd-aiq-glb-uat-c32c,0
clgx-network-nonprd-4dd3,clgx-informatica-stg-c355,0
clgx-network-nonprd-4dd3,clgx-decsvcs-app-int-ed9a,0
clgx-network-nonprd-4dd3,clgx-idap-db-services-prf-44d7,0
clgx-network-nonprd-4dd3,clgx-vsg-imgatics-glb-stg-85ca,0
clgx-network-nonprd-4dd3,clgx-uwc-data-prf-48b3,0
clgx-network-nonprd-4dd3,clgx-valsvcs-data-dev-c69b,2
clgx-network-nonprd-4dd3,clgx-reas-glb-stg-2945,0
clgx-network-nonprd-4dd3,clgx-fema-data-prf-aba6,0
clgx-network-nonprd-4dd3,clgx-reas-glb-dev-a3d4,0
clgx-network-nonprd-4dd3,clgx-advisorypor-app-dev-9a59,0
clgx-network-nonprd-4dd3,clgx-dtsched-data-prf-0a59,2
clgx-network-nonprd-4dd3,clgx-oracle-glb-uat-f3a4,53
clgx-network-nonprd-4dd3,clgx-aotf-data-int-6085,2
clgx-network-nonprd-4dd3,clgx-ds-data-dev-e02c,0
clgx-network-nonprd-4dd3,clgx-modelx-prf-98bc,0
clgx-network-nonprd-4dd3,clgx-mtx-glb-stg-b873,0
clgx-network-nonprd-4dd3,clgx-idap-elasticsrch-prf-55c6,0
clgx-network-nonprd-4dd3,clgx-homevisit-app-int-0219,0
clgx-network-nonprd-4dd3,clgx-pcf-eu-w4-stg-7032,101
clgx-network-nonprd-4dd3,clgx-control-services-int-5316,4
clgx-network-nonprd-4dd3,clgx-advisorypor-data-int-a72a,0
clgx-network-nonprd-4dd3,clgx-idap-bigquery-int-278e,0
clgx-network-nonprd-4dd3,clgx-sd-common-dev-76e3,0
clgx-network-nonprd-4dd3,clgx-threshold-data-dev-b812,0
clgx-network-nonprd-4dd3,clgx-portfolio-mgr-uat-7cb9,0
clgx-network-nonprd-4dd3,clgx-factcheck-app-uat-17e2,11
clgx-network-nonprd-4dd3,clgx-decsvcs-data-prf-9429,2
clgx-network-nonprd-4dd3,clgx-clpsvcs-data-glb-dev-4ba2,0
clgx-network-nonprd-4dd3,clgx-kta-dev-909f,3
clgx-network-nonprd-4dd3,clgx-floodcert-data-uat-a065,0
clgx-network-nonprd-4dd3,clgx-gcs-glb-dev-e84e,4
clgx-network-nonprd-4dd3,clgx-control-services-dev-e3cd,5
clgx-network-nonprd-4dd3,clgx-idcservices-app-prf-5351,0
clgx-network-nonprd-4dd3,clgx-crux-dev-6613,25
clgx-network-nonprd-4dd3,clgx-greenplum-dev-5add,11
clgx-network-nonprd-4dd3,clgx-reactor-app-int-881d,0
clgx-network-nonprd-4dd3,clgx-skytools-int-4ba3,0
clgx-network-nonprd-4dd3,clgx-threshold-uat-055d,0
clgx-network-nonprd-4dd3,clgx-idap-elasticsrch-uat-f705,0
clgx-network-nonprd-4dd3,clgx-aotf-data-uat-346d,2
clgx-network-nonprd-4dd3,clgx-ds-app-dev-f580,0
clgx-network-nonprd-4dd3,clgx-ds-data-prf-769d,0
clgx-network-nonprd-4dd3,clgx-rpsservices-app-uat-5019,0
clgx-network-nonprd-4dd3,clgx-wvs-data-prf-5c96,0
clgx-network-nonprd-4dd3,clgx-ptls-app-int-ebe9,0
clgx-network-nonprd-4dd3,clgx-renters-ins-data-int-7cda,1
clgx-network-nonprd-4dd3,clgx-ins-rct-exp-data-uat-ca10,2
clgx-network-nonprd-4dd3,clgx-mssql-st-glb-nonprd-6e19,23
clgx-network-nonprd-4dd3,clgx-scdf-app-prf-aaf6,0
clgx-network-nonprd-4dd3,clgx-ptls-data-uat-9b4c,0
clgx-network-nonprd-4dd3,clgx-portfolio-mgr-int-96a3,0
clgx-network-nonprd-4dd3,clgx-clareity-glb-stg-8143,17
clgx-network-nonprd-4dd3,clgx-wvs-data-uat-68c6,0
clgx-network-nonprd-4dd3,clgx-mtx-glb-int-b36f,0
clgx-network-nonprd-4dd3,clgx-floodcert-data-prf-e775,0
clgx-network-nonprd-4dd3,clgx-pxpointbld-data-dev-c77b,0
clgx-network-nonprd-4dd3,clgx-portfolio-mgr-dev-7020,0
clgx-network-nonprd-4dd3,clgx-pcf-us-c1-stg-53bc,167
clgx-network-nonprd-4dd3,clgx-valsvcs-data-int-9e76,2
clgx-network-nonprd-4dd3,clgx-threshold-prf-7278,0
clgx-network-nonprd-4dd3,clgx-web-services-uat-0d7d,0
clgx-network-nonprd-4dd3,clgx-portfolio-mgr-prf-5ad8,0
clgx-network-nonprd-4dd3,clgx-vsg-ascope-glb-uat-d603,7
clgx-network-nonprd-4dd3,clgx-leasing-mgr-data-uat-aed3,0
clgx-network-nonprd-4dd3,clgx-rct5-app-prf-11b8,0
clgx-network-nonprd-4dd3,clgx-crd-aiq-glb-dev-61a5,0
clgx-network-nonprd-4dd3,clgx-idap-elasticsrch-dev-f1aa,1
clgx-network-nonprd-4dd3,clgx-onthehouse-glb-dev-1e64,13
clgx-network-nonprd-4dd3,clgx-aotf-app-dev-161d,1
clgx-network-nonprd-4dd3,clgx-ctt-data-dev-d8b5,0
clgx-network-nonprd-4dd3,clgx-tsg-clpsvcs-glb-uat-22ee,0
clgx-network-nonprd-4dd3,clgx-vsg-qvp-glb-uat-22b7,0
clgx-network-nonprd-4dd3,clgx-dataproc-glb-prf-7212,0
clgx-network-nonprd-4dd3,clgx-ins-gpl-app-glb-stg-2985,22
clgx-network-nonprd-4dd3,clgx-ins-rct-exp-data-dev-c5ef,2
clgx-network-nonprd-4dd3,clgx-leasing-mgr-uat-4baa,0
clgx-network-nonprd-4dd3,clgx-das-cdp-glb-uat-d381,0
clgx-network-nonprd-4dd3,clgx-idcservices-data-int-f301,0
clgx-network-nonprd-4dd3,clgx-dtetl-spark-prf-686c,0
clgx-network-nonprd-4dd3,clgx-ctt-data-int-70d0,0
clgx-network-nonprd-4dd3,clgx-ds-app-uat-41a2,0
clgx-network-nonprd-4dd3,clgx-factcheck-app-dev-415d,3
clgx-network-nonprd-4dd3,clgx-ping-us-client-dev-8268,0
clgx-network-nonprd-4dd3,clgx-modelx-int-78bb,0
clgx-network-nonprd-4dd3,clgx-ptls-app-uat-e44c,0
clgx-network-nonprd-4dd3,clgx-surveillance-uat-bf45,0
clgx-network-nonprd-4dd3,clgx-pcf-na-ne1-dev-dd78,100
clgx-network-nonprd-4dd3,clgx-ins-gpl-db-glb-dev-9726,18
clgx-network-nonprd-4dd3,clgx-ins-gpl-etl-glb-uat-bb61,2
clgx-network-nonprd-4dd3,clgx-factcheck-data-uat-a4cb,0
clgx-network-nonprd-4dd3,clgx-valsvcs-app-prf-8b58,0
clgx-network-nonprd-4dd3,clgx-rct5-data-int-baf2,0
clgx-network-nonprd-4dd3,clgx-das-cdp-glb-dev-a907,4
clgx-network-nonprd-4dd3,clgx-dtetl-spark-dev-fc0e,0
clgx-network-nonprd-4dd3,clgx-ds-data-uat-1327,0
clgx-network-nonprd-4dd3,clgx-web-services-int-758d,0
clgx-network-nonprd-4dd3,clgx-valsvcs-data-prf-f3cb,2
clgx-network-nonprd-4dd3,clgx-kafka-glb-int-8cf9,12
clgx-network-nonprd-4dd3,clgx-rqe-uat-ae35,0
clgx-network-nonprd-4dd3,clgx-threshold-data-int-d9af,2
clgx-network-nonprd-4dd3,clgx-watchsuite-stg-5ea1,0
clgx-network-nonprd-4dd3,clgx-vectorsec-dev-fbe3,0
clgx-network-nonprd-4dd3,clgx-ecommerce-int-d9ed,0
clgx-network-nonprd-4dd3,clgx-valsvcs-app-uat-d809,0
clgx-network-nonprd-4dd3,clgx-pxpointbld-app-dev-19c3,4
clgx-network-nonprd-4dd3,clgx-ins-gpl-app-glb-uat-c1e5,36
clgx-network-nonprd-4dd3,clgx-decsvcs-data-uat-1f00,2
clgx-network-nonprd-4dd3,clgx-rct5-data-prf-7b25,0
clgx-network-nonprd-4dd3,clgx-ptls-data-prf-9318,0
clgx-network-nonprd-4dd3,clgx-pxpointbld-app-uat-191d,0
clgx-network-nonprd-4dd3,clgx-crux-uat-08b7,13
clgx-network-nonprd-4dd3,clgx-advisorypor-app-uat-66a5,0
clgx-network-nonprd-4dd3,clgx-decsvcs-app-dev-9340,1
clgx-network-nonprd-4dd3,clgx-ptls-app-prf-9bf7,0
clgx-network-nonprd-4dd3,clgx-ptls-data-dev-32f8,0
clgx-network-nonprd-4dd3,clgx-vsg-ascope-data-uat-b7d7,0
clgx-network-nonprd-4dd3,clgx-com-exp-app-uat-d0cd,0
clgx-network-nonprd-4dd3,clgx-ins-rct-exp-data-int-1ebd,2
clgx-network-nonprd-4dd3,clgx-aotf-app-int-ff85,0
clgx-network-nonprd-4dd3,clgx-homevisit-data-uat-efeb,0
clgx-network-nonprd-4dd3,clgx-pxpointbld-app-prf-49bc,0
clgx-network-nonprd-4dd3,clgx-scdf-app-dev-f98d,0
clgx-network-nonprd-4dd3,clgx-com-exp-app-int-efee,0
clgx-network-nonprd-4dd3,clgx-pxpointbld-data-uat-3152,0
clgx-network-nonprd-4dd3,clgx-dataproc-glb-uat-8de2,0
clgx-network-nonprd-4dd3,clgx-ping-us-client-uat-aff5,0
clgx-network-nonprd-4dd3,clgx-gcs-glb-uat-b780,0
clgx-network-nonprd-4dd3,clgx-dtetl-spark-int-292a,0
clgx-network-nonprd-4dd3,clgx-idap-bigquery-uat-3ac4,0
clgx-network-nonprd-4dd3,clgx-mtx-data-glb-stg-a653,0
clgx-network-nonprd-4dd3,clgx-gcs-glb-prf-6692,0
clgx-network-nonprd-4dd3,clgx-vsg-imgatics-glb-int-31cc,0
clgx-network-nonprd-4dd3,clgx-scdf-app-int-9841,0
clgx-network-nonprd-4dd3,clgx-pxpointweb-data-dev-91fe,0
clgx-network-nonprd-4dd3,clgx-dtsched-data-dev-bc6e,0
clgx-network-nonprd-4dd3,clgx-algorithm-proc-prf-0443,0
clgx-network-nonprd-4dd3,clgx-ins-gpl-etl-glb-stg-435d,2
clgx-network-nonprd-4dd3,clgx-threshold-dev-3e1d,1
clgx-network-nonprd-4dd3,clgx-pxpointbld-data-int-48a3,0
clgx-network-nonprd-4dd3,clgx-ins-gpl-db-glb-stg-cdde,7
clgx-network-nonprd-4dd3,clgx-homevisit-data-int-0813,0
clgx-network-nonprd-4dd3,clgx-uwc-data-int-570b,0
clgx-network-nonprd-4dd3,clgx-dtsched-data-uat-d56f,2
clgx-network-nonprd-4dd3,clgx-decsvcs-app-prf-364b,0
clgx-network-nonprd-4dd3,clgx-pcf-us-w1-dev-bad8,219
clgx-network-nonprd-4dd3,clgx-vectorsec-uat-fb71,0
clgx-network-nonprd-4dd3,clgx-advisorypor-app-prf-7234,0
clgx-network-nonprd-4dd3,clgx-rct5-app-uat-0dff,0
clgx-network-nonprd-4dd3,clgx-pcf-au-se1-dev-35a4,113
clgx-network-nonprd-4dd3,clgx-rpsservices-app-dev-02cb,0
clgx-network-nonprd-4dd3,clgx-pxpointweb-app-dev-b594,5
clgx-network-nonprd-4dd3,clgx-scdf-app-uat-fa37,0
clgx-network-nonprd-4dd3,clgx-das-cdp-glb-stg-ecd1,3
clgx-network-nonprd-4dd3,clgx-rct5-app-dev-ca9a,0
clgx-network-nonprd-4dd3,clgx-ins-rct-calc-glb-stg-ed60,2
clgx-network-nonprd-4dd3,clgx-idap-bigquery-dev-71f0,0
clgx-network-nonprd-4dd3,clgx-kafka-glb-dev-0ce1,23
clgx-network-nonprd-4dd3,clgx-factcheck-data-dev-cb8c,1
clgx-network-nonprd-4dd3,clgx-clpsvcs-data-glb-uat-842e,0
clgx-network-nonprd-4dd3,clgx-vectorsec-stg-831f,0
clgx-network-nonprd-4dd3,clgx-dtsched-int-6a04,0
clgx-network-nonprd-4dd3,clgx-dtsched-prf-8ea2,0
clgx-network-nonprd-4dd3,clgx-advisorypor-data-prf-4ce6,0
clgx-network-nonprd-4dd3,clgx-aotf-data-prf-7129,0
clgx-network-nonprd-4dd3,clgx-reactor-app-prf-d2aa,0
clgx-network-nonprd-4dd3,clgx-mtx-ftps-stg-acd2,1
clgx-network-nonprd-4dd3,clgx-idap-db-services-dev-3e8a,10
clgx-network-nonprd-4dd3,clgx-com-exp-app-dev-52a1,0
clgx-network-nonprd-4dd3,clgx-rct5-data-uat-7895,0
clgx-network-nonprd-4dd3,clgx-scdf-data-int-674d,0
clgx-network-nonprd-4dd3,clgx-com-exp-app-prf-ae87,0
clgx-network-nonprd-4dd3,clgx-reactor-data-uat-9e60,3
clgx-network-nonprd-4dd3,clgx-kafka-glb-uat-3c12,0
clgx-network-nonprd-4dd3,clgx-taxbi-stg-4b81,0
clgx-network-nonprd-4dd3,clgx-rpsservices-app-prf-2065,0
clgx-network-nonprd-4dd3,clgx-renters-ins-data-dev-bebc,0
clgx-network-nonprd-4dd3,clgx-rqe-dev-f5dc,0
clgx-network-nonprd-4dd3,clgx-web-services-dev-21fa,2
clgx-network-nonprd-4dd3,clgx-kta-stg-88da,0
clgx-network-nonprd-4dd3,clgx-renters-ins-data-uat-a38b,0
clgx-network-nonprd-4dd3,clgx-threshold-data-prf-334e,2
clgx-network-nonprd-4dd3,clgx-idap-tools-prf-8a49,0
clgx-network-nonprd-4dd3,clgx-idap-db-services-uat-9b8c,0
clgx-network-nonprd-4dd3,clgx-leasing-mgr-data-prf-b334,0
clgx-network-nonprd-4dd3,clgx-advisorypor-data-uat-967e,0
clgx-network-nonprd-4dd3,clgx-watchsuite-dev-0bee,1
clgx-network-nonprd-4dd3,clgx-oasis-dev-7f3c,1
clgx-network-nonprd-4dd3,clgx-decsvcs-data-dev-5d8e,2
clgx-network-nonprd-4dd3,clgx-ins-rct-exp-glb-stg-d480,3
clgx-network-nonprd-4dd3,clgx-ctt-app-int-d75f,0
clgx-network-nonprd-4dd3,clgx-ctt-app-dev-a91c,0
clgx-network-nonprd-4dd3,clgx-ins-rct-calc-glb-uat-db35,0
clgx-network-nonprd-4dd3,clgx-control-services-prf-5ce1,0
clgx-network-nonprd-4dd3,clgx-idap-tools-int-89d3,3
clgx-network-nonprd-4dd3,clgx-dtsched-data-int-b42e,2
clgx-network-nonprd-4dd3,clgx-kafka-glb-prf-5f73,0
clgx-network-nonprd-4dd3,clgx-surveillance-dev-9e5e,0
clgx-network-nonprd-4dd3,clgx-surveillance-prf-ad2a,0
clgx-network-nonprd-4dd3,clgx-renters-ins-dev-851a,0
clgx-network-nonprd-4dd3,clgx-floodcert-data-int-c21e,0
clgx-network-nonprd-4dd3,clgx-dtetl-spark-uat-02a1,0
clgx-network-nonprd-4dd3,clgx-ctt-data-prf-63eb,0
clgx-network-nonprd-4dd3,clgx-sd-common-stg-7735,0
clgx-network-nonprd-4dd3,clgx-clareity-glb-dev-d3cc,4
clgx-network-prd-de02,clgx-pcf-us-c1-prd-1e08,177
clgx-network-prd-de02,clgx-portfolio-mgr-reg-d35f,0
clgx-network-prd-de02,clgx-mtx-data-glb-dr-aadc,0
clgx-network-prd-de02,clgx-renters-ins-data-dr-9190,0
clgx-network-prd-de02,clgx-ins-rct-exp-data-prd-2a25,0
clgx-network-prd-de02,clgx-clareity-glb-prd-df51,224
clgx-network-prd-de02,clgx-pxpointweb-data-prd-c766,3
clgx-network-prd-de02,clgx-watchsuite-reg-7416,0
clgx-network-prd-de02,clgx-das-cdp-glb-prd-1ae7,0
clgx-network-prd-de02,clgx-valsvcs-data-dr-69e8,0
clgx-network-prd-de02,clgx-kta-drg-f5df,0
clgx-network-prd-de02,clgx-uwc-data-prd-f48b,0
clgx-network-prd-de02,clgx-advisorypor-data-drg-a7ee,0
clgx-network-prd-de02,clgx-cyxtera-prd-prd-c951,2
clgx-network-prd-de02,clgx-uwc-data-dr-c365,0
clgx-network-prd-de02,clgx-dataproc-glb-dr-37e0,0
clgx-network-prd-de02,clgx-taxbi-prd-141a,0
clgx-network-prd-de02,clgx-decsvcs-data-dr-d6a4,1
clgx-network-prd-de02,clgx-control-services-dr-7f31,0
clgx-network-prd-de02,clgx-informatica-prd-403c,0
clgx-network-prd-de02,clgx-control-services-prd-685a,9
clgx-network-prd-de02,clgx-rpsservices-data-reg-fa87,0
clgx-network-prd-de02,clgx-crd-aiq-glb-dr-27b1,0
clgx-network-prd-de02,clgx-ecommerce-prd-831b,0
clgx-network-prd-de02,clgx-vsg-qvp-glb-prd-d486,2
clgx-network-prd-de02,clgx-dtsched-reg-fd9a,0
clgx-network-prd-de02,clgx-vsg-ascope-glb-reg-d4d0,3
clgx-network-prd-de02,clgx-ctt-app-dr-d175,0
clgx-network-prd-de02,clgx-crux-prd-faed,13
clgx-network-prd-de02,clgx-homevisit-data-dr-2691,0
clgx-network-prd-de02,clgx-skytools-dr-47f0,0
clgx-network-prd-de02,clgx-oracle-glb-reg-20f8,1
clgx-network-prd-de02,clgx-wvs-data-prd-d7e7,0
clgx-network-prd-de02,clgx-ptls-data-drg-9a48,0
clgx-network-prd-de02,clgx-ctt-data-prd-8101,0
clgx-network-prd-de02,clgx-idap-elasticsrch-reg-aed7,0
clgx-network-prd-de02,clgx-reas-glb-prd-473a,0
clgx-network-prd-de02,clgx-reactor-data-prd-ecb4,4
clgx-network-prd-de02,clgx-tsg-clpsvcs-glb-reg-94bf,0
clgx-network-prd-de02,clgx-valsvcs-app-prd-cef8,0
clgx-network-prd-de02,clgx-modelx-dr-7ed3,0
clgx-network-prd-de02,clgx-wvs-data-dr-8068,0
clgx-network-prd-de02,clgx-vsg-ascope-data-reg-ca14,29
clgx-network-prd-de02,clgx-leasing-mgr-data-dr-4925,0
clgx-network-prd-de02,clgx-watchsuite-load-reg-9c80,0
clgx-network-prd-de02,clgx-pxpointbld-data-prd-e860,0
clgx-network-prd-de02,clgx-scdf-data-dr-ed10,0
clgx-network-prd-de02,clgx-idcservices-data-drg-e95e,0
clgx-network-prd-de02,clgx-idap-tools-dr-0896,0
clgx-network-prd-de02,clgx-pxpointweb-app-prd-a0a1,1
clgx-network-prd-de02,clgx-web-services-dr-dd2d,0
clgx-network-prd-de02,clgx-mtx-data-glb-prd-b1ec,0
clgx-network-prd-de02,clgx-ds-app-prd-f37c,0
clgx-network-prd-de02,clgx-dtsched-drg-9d40,0
clgx-network-prd-de02,clgx-ins-gpl-etl-glb-dr-08b9,0
clgx-network-prd-de02,clgx-mtx-svcs-prd-ce3a,48
clgx-network-prd-de02,clgx-kafka-glb-reg-b3dd,0
clgx-network-prd-de02,clgx-mtx-svcs-dr-bfa0,0
clgx-network-prd-de02,clgx-rpsservices-app-reg-ab73,0
clgx-network-prd-de02,clgx-ins-rct-exp-glb-dr-e067,0
clgx-network-prd-de02,clgx-rbi-dr-f909,0
clgx-network-prd-de02,clgx-dtsched-data-dr-cd43,1
clgx-network-prd-de02,clgx-threshold-data-prd-536d,3
clgx-network-prd-de02,clgx-kta-reg-d8b1,0
clgx-network-prd-de02,clgx-scdf-app-dr-c571,0
clgx-network-prd-de02,clgx-factcheck-data-dr-d08c,0
clgx-network-prd-de02,clgx-renters-ins-prd-64d9,0
clgx-network-prd-de02,clgx-valsvcs-data-prd-c6e8,2
clgx-network-prd-de02,clgx-aotf-data-reg-1d41,0
clgx-network-prd-de02,clgx-factcheck-app-reg-ab14,4
clgx-network-prd-de02,clgx-ins-rct-calc-glb-dr-03e0,0
clgx-network-prd-de02,clgx-ptls-app-drg-e69d,0
clgx-network-prd-de02,clgx-rpsservices-app-drg-2f0e,0
clgx-network-prd-de02,clgx-vectorsec-prd-74aa,0
clgx-network-prd-de02,clgx-floodcert-app-drg-8681,0
clgx-network-prd-de02,clgx-pxpointweb-data-dr-2d4a,0
clgx-network-prd-de02,clgx-rqe-prd-bf0e,0
clgx-network-prd-de02,clgx-dataproc-glb-reg-7380,0
clgx-network-prd-de02,clgx-aotf-app-reg-c96a,0
clgx-network-prd-de02,clgx-reas-glb-dr-8edb,0
clgx-network-prd-de02,clgx-mtx-glb-prd-557b,5
clgx-network-prd-de02,clgx-fema-data-dr-5bdc,0
clgx-network-prd-de02,clgx-ecommerce-dr-ae94,0
clgx-network-prd-de02,clgx-gcs-glb-prd-c03c,1
clgx-network-prd-de02,clgx-idap-db-services-reg-7015,0
clgx-network-prd-de02,clgx-ptls-data-reg-fa25,0
clgx-network-prd-de02,clgx-floodcert-data-drg-12b5,0
clgx-network-prd-de02,clgx-dtsched-data-drg-65b1,2
clgx-network-prd-de02,clgx-das-cdp-glb-dr-695c,0
clgx-network-prd-de02,clgx-pcf-eu-w2-prd-08ae,100
clgx-network-prd-de02,clgx-idcservices-data-reg-a7a2,0
clgx-network-prd-de02,clgx-idcservices-app-drg-1e64,0
clgx-network-prd-de02,clgx-clpsvcs-data-glb-dr-1751,0
clgx-network-prd-de02,clgx-algorithm-proc-dr-cbaf,0
clgx-network-prd-de02,clgx-vsg-qvp-glb-dr-7c94,0
clgx-network-prd-de02,clgx-modelx-prd-87b4,0
clgx-network-prd-de02,clgx-rct5-data-prd-9116,0
clgx-network-prd-de02,clgx-decsvcs-app-prd-a66d,0
clgx-network-prd-de02,clgx-onthehouse-glb-prd-a568,3
clgx-network-prd-de02,clgx-renters-ins-dr-5cec,0
clgx-network-prd-de02,clgx-ins-gpl-app-glb-dr-fe87,0
clgx-network-prd-de02,clgx-vsg-imgatics-glb-prd-0cc8,0
clgx-network-prd-de02,clgx-advisorypor-app-drg-7ed9,0
clgx-network-prd-de02,clgx-homevisit-data-reg-aadc,0
clgx-network-prd-de02,clgx-threshold-prd-eb68,1
clgx-network-prd-de02,clgx-renters-ins-data-prd-7dfc,0
clgx-network-prd-de02,clgx-das-cdp-glb-load-prd-705c,2
clgx-network-prd-de02,clgx-vsg-ascope-glb-prd-c582,2
clgx-network-prd-de02,clgx-ins-rct-exp-glb-prd-4d2c,0
clgx-network-prd-de02,clgx-valsvcs-app-dr-2048,0
clgx-network-prd-de02,clgx-vsg-imgatics-glb-drg-f247,0
clgx-network-prd-de02,clgx-decsvcs-data-prd-5e1e,2
clgx-network-prd-de02,clgx-rbi-prd-c8fb,0
clgx-network-prd-de02,clgx-gcs-glb-reg-87e2,0
clgx-network-prd-de02,clgx-vectorsec-dr-742e,0
clgx-network-prd-de02,clgx-dataproc-glb-prd-dbf8,70
clgx-network-prd-de02,clgx-greenplum-prd-ce4b,10
clgx-network-prd-de02,clgx-threshold-data-dr-b951,1
clgx-network-prd-de02,clgx-idap-db-services-dr-df41,0
clgx-network-prd-de02,clgx-pcf-eu-w4-prd-fa0c,97
clgx-network-prd-de02,clgx-mssql-st-glb-prd-d016,17
clgx-network-prd-de02,clgx-oracle-glb-prd-f376,56
clgx-network-prd-de02,clgx-com-exp-app-dr-7c00,0
clgx-network-prd-de02,clgx-greenplum-dr-c0c6,0
clgx-network-prd-de02,clgx-reactor-app-prd-13ce,0
clgx-network-prd-de02,clgx-pcf-na-ne1-prd-4bc9,96
clgx-network-prd-de02,clgx-gcs-glb-dr-0c74,0
clgx-network-prd-de02,clgx-advisorypor-data-reg-5fb3,0
clgx-network-prd-de02,clgx-taxbi-dr-6b41,0
clgx-network-prd-de02,clgx-floodcert-app-reg-79a7,0
clgx-network-prd-de02,clgx-skytools-prd-781c,0
clgx-network-prd-de02,clgx-ins-rct-calc-glb-prd-6bf1,0
clgx-network-prd-de02,clgx-idap-tools-prd-f5e4,3
clgx-network-prd-de02,clgx-fema-data-prd-a020,0
clgx-network-prd-de02,clgx-mtx-glb-dr-f7aa,0
clgx-network-prd-de02,clgx-rct5-data-dr-326b,0
clgx-network-prd-de02,clgx-mssql-st-glb-reg-f831,7
clgx-network-prd-de02,clgx-pxpointbld-app-dr-534c,0
clgx-network-prd-de02,clgx-decsvcs-app-dr-619e,0
clgx-network-prd-de02,clgx-ds-data-prd-3624,0
clgx-network-prd-de02,clgx-surveillance-prd-f609,0
clgx-network-prd-de02,clgx-taxbi-load-prd-047d,0
clgx-network-prd-de02,clgx-scdf-data-prd-342c,0
clgx-network-prd-de02,clgx-ctt-app-prd-cd3c,0
clgx-network-prd-de02,clgx-homevisit-app-reg-3c0b,0
clgx-network-prd-de02,clgx-factcheck-data-reg-a9dc,0
clgx-network-prd-de02,clgx-idap-db-services-prd-0ccf,4
clgx-network-prd-de02,clgx-dtsched-prd-7146,0
clgx-network-prd-de02,clgx-ctt-data-dr-3342,0
clgx-network-prd-de02,clgx-ds-app-dr-c61f,0
clgx-network-prd-de02,clgx-floodcert-data-reg-fdc6,0
clgx-network-prd-de02,clgx-vectorsec-load-prd-37ab,0
clgx-network-prd-de02,clgx-clpsvcs-data-glb-reg-f0fc,0
clgx-network-prd-de02,clgx-pxpointbld-data-dr-6583,0
clgx-network-prd-de02,clgx-pcf-au-se1-prd-7031,117
clgx-network-prd-de02,clgx-crd-aiq-glb-prd-21b2,0
clgx-network-prd-de02,clgx-reas-glb-load-prd-a9ac,0
clgx-network-prd-de02,clgx-homevisit-app-drreg-faea,0
clgx-network-prd-de02,clgx-surveillance-dr-66e6,0
clgx-network-prd-de02,clgx-idap-elasticsrch-dr-468f,0
clgx-network-prd-de02,clgx-dtetl-spark-dr-5a91,0
clgx-network-prd-de02,clgx-ins-gpl-db-glb-dr-4470,0
clgx-network-prd-de02,clgx-mtx-ftps-prd-c930,1
clgx-network-prd-de02,clgx-advisorypor-app-reg-ca03,0
clgx-network-prd-de02,clgx-web-services-prd-3b64,0
clgx-network-prd-de02,clgx-dtsched-data-prd-9eed,2
clgx-network-prd-de02,clgx-leasing-mgr-dr-783c,0
clgx-network-prd-de02,clgx-com-exp-app-prd-f044,0
clgx-network-prd-de02,clgx-vsg-ascope-glb-dr-f87b,0
clgx-network-prd-de02,clgx-idcservices-app-reg-62c6,0
clgx-network-prd-de02,clgx-threshold-dr-7b77,0
clgx-network-prd-de02,clgx-scdf-app-prd-6e14,0
clgx-network-prd-de02,clgx-vsg-imgatics-glb-reg-991a,0
clgx-network-prd-de02,clgx-idap-elasticsrch-prd-0b82,13
clgx-network-prd-de02,clgx-ins-rct-exp-data-dr-5d03,0
clgx-network-prd-de02,clgx-reactor-data-dr-1e01,0
clgx-network-prd-de02,clgx-leasing-mgr-reg-3e5f,0
clgx-network-prd-de02,clgx-ptls-app-reg-80d8,0
clgx-network-prd-de02,clgx-dtetl-spark-prd-caed,0
clgx-network-prd-de02,clgx-rct5-app-dr-f20d,0
clgx-network-prd-de02,clgx-aotf-data-drg-c50c,0
clgx-network-prd-de02,clgx-dtsched-dr-d461,0
clgx-network-prd-de02,clgx-kafka-glb-dr-936e,0
clgx-network-prd-de02,clgx-idap-bigquery-drg-dabd,0
clgx-network-prd-de02,clgx-rpsservices-data-drg-ae91,0
clgx-network-prd-de02,clgx-pxpointbld-app-prd-6909,1
clgx-network-prd-de02,clgx-aotf-app-drg-72b8,0
clgx-network-prd-de02,clgx-kafka-glb-prd-4170,23
clgx-network-prd-de02,clgx-dtsched-data-reg-ed5c,2
clgx-network-prd-de02,clgx-ins-gpl-app-glb-prd-51ce,33
clgx-network-prd-de02,clgx-idap-bigquery-reg-383c,0
clgx-network-prd-de02,clgx-rct5-app-prd-1920,0
clgx-network-prd-de02,clgx-oasis-prd-16b9,0
clgx-network-prd-de02,clgx-pcf-us-w1-prd-7301,183
clgx-network-prd-de02,clgx-algorithm-proc-prd-a4b6,0
clgx-network-prd-de02,clgx-mtx-ftps-dr-5e83,0
clgx-network-prd-de02,clgx-ins-gpl-db-glb-prd-4257,23
clgx-network-prd-de02,clgx-informatica-dr-91c8,0
clgx-network-prd-de02,clgx-leasing-mgr-data-reg-9e8e,0
clgx-network-prd-de02,clgx-pxpointweb-app-dr-5684,1
clgx-network-prd-de02,clgx-watchsuite-drg-53da,0
clgx-network-prd-de02,clgx-reactor-app-dr-bed5,0
clgx-network-prd-de02,clgx-factcheck-app-dr-6328,0
clgx-network-prd-de02,clgx-portfolio-mgr-drg-3976,0
clgx-network-prd-de02,clgx-vsg-qvp-glb-reg-8b94,5
clgx-network-prd-de02,clgx-ds-data-dr-bca3,0
clgx-network-prd-de02,clgx-ins-gpl-etl-glb-prd-6a70,4
clgx-network-rels-9837,clgx-rels-glb-dr-f17b,68
clgx-network-rels-9837,clgx-rels-rehydrator2-sbx-ffd1,0
clgx-network-rels-9837,clgx-cyxtera-rels-prd-805a,2
clgx-network-rels-9837,clgx-rels-glb-prd-9bc4,100
clgx-network-rels-9837,clgx-rels-rehydrator-sbx-afce,0
clgx-network-rels-9837,clgx-rels-glb-nonprd-b97d,58
clgx-network-rels-9837,clgx-rels-glb-sbx-6f41,0
clgx-network-sbx-77c3,clgx-tsg-nexus-glb-sbx-8f1b,0
clgx-network-sbx-77c3,clgx-reactor-data-sbx-2e90,0
clgx-network-sbx-77c3,clgx-idap-elasticsrch-sbx-2c2d,10
clgx-network-sbx-77c3,clgx-solarch1-poc-de2f,0
clgx-network-sbx-77c3,clgx-leasing-mgr-sbx-900f,0
clgx-network-sbx-77c3,clgx-ins-underwriting-sbx-fd8c,0
clgx-network-sbx-77c3,clgx-ins-gpl-db-glb-sbx-6cc0,0
clgx-network-sbx-77c3,clgx-smtp-svcs-sbx-c30a,4
clgx-network-sbx-77c3,clgx-edg-micro-poc-d6f7,0
clgx-network-sbx-77c3,clgx-solarch3-poc-0589,0
clgx-network-sbx-77c3,clgx-scdf-data-sbx-a739,0
clgx-network-sbx-77c3,clgx-commvault-data-sbx-be89,0
clgx-network-sbx-77c3,clgx-tsg-tech-rd-sbx-5c24,0
clgx-network-sbx-77c3,clgx-hashicorp-vault-sbx-fb7d,19
clgx-network-sbx-77c3,clgx-datalayer-sbx-12c3,43
clgx-network-sbx-77c3,clgx-analytics13-5cbb,0
clgx-network-sbx-77c3,clgx-pcf-au-se1-sbx-e31e,114
clgx-network-sbx-77c3,clgx-threshold-sbx-ef18,0
clgx-network-sbx-77c3,clgx-rct5-app-sbx-704f,1
clgx-network-sbx-77c3,clgx-etech-hn2-sbx-3a33,0
clgx-network-sbx-77c3,clgx-rpsservices-app-sbx-2863,1
clgx-network-sbx-77c3,clgx-dtsched-sbx-1b15,1
clgx-network-sbx-77c3,clgx-mft-ad-sbx-22f4,6
clgx-network-sbx-77c3,clgx-jira-data-glb-sbx-c855,2
clgx-network-sbx-77c3,clgx-crd-aiq-glb-sbx-f35d,1
clgx-network-sbx-77c3,clgx-rpsservices-data-sbx-ae98,2
clgx-network-sbx-77c3,clgx-ping-apac-sbx-c9d6,0
clgx-network-sbx-77c3,clgx-pcf-eu-w2-sbx-ef28,97
clgx-network-sbx-77c3,clgx-onthehouse-glb-sbx-2ecb,15
clgx-network-sbx-77c3,clgx-ins-rct-exp-data-sbx-feae,2
clgx-network-sbx-77c3,clgx-pcf-us-c1-sbx-0d63,158
clgx-network-sbx-77c3,clgx-riskmodel-sbx-aada,0
clgx-network-sbx-77c3,clgx-mdmclgxelk-poc-87c2,0
clgx-network-sbx-77c3,clgx-factcheck-app-sbx-f61a,0
clgx-network-sbx-77c3,clgx-vsg-imgatics-glb-sbx-5078,9
clgx-network-sbx-77c3,clgx-analytics6-ffd1,3
clgx-network-sbx-77c3,clgx-pxpointbld-app-sbx-00cc,1
clgx-network-sbx-77c3,clgx-threshold-data-sbx-abd5,0
clgx-network-sbx-77c3,clgx-idap-bigquery-sbx-8573,0
clgx-network-sbx-77c3,clgx-jira-glb-sbx-a5c1,0
clgx-network-sbx-77c3,clgx-portfoliomon-sbx-c7f0,0
clgx-network-sbx-77c3,clgx-mercury-net-sbx-ae38,4
clgx-network-sbx-77c3,clgx-idcservices-data-sbx-1194,2
clgx-network-sbx-77c3,clgx-tibcoebx-poc-d393,21
clgx-network-sbx-77c3,clgx-mdmorcha-poc-c3ee,2
clgx-network-sbx-77c3,clgx-solarch2-poc-eb86,0
clgx-network-sbx-77c3,clgx-telescopeai-sbx-de61,5
clgx-network-sbx-77c3,clgx-taxbi-sbx-801d,0
clgx-network-sbx-77c3,clgx-skytools-sbx-c604,0
clgx-network-sbx-77c3,clgx-analytics5-c675,5
clgx-network-sbx-77c3,clgx-analytics7-bd37,0
clgx-network-sbx-77c3,clgx-cyxtera-sbx-prd-50ff,2
clgx-network-sbx-77c3,clgx-etech-sbx-baf8,0
clgx-network-sbx-77c3,clgx-swam-app-sbx-85de,0
clgx-network-sbx-77c3,clgx-aotf-app-sbx-3ec1,0
clgx-network-sbx-77c3,clgx-pxpointweb-data-sbx-c6fc,0
clgx-network-sbx-77c3,clgx-ml-poc-a7d5,9
clgx-network-sbx-77c3,clgx-aotf-data-sbx-f407,0
clgx-network-sbx-77c3,clgx-valsvcs-data-sbx-100b,2
clgx-network-sbx-77c3,clgx-analytics4-8d69,5
clgx-network-sbx-77c3,clgx-core-svcs-sbx-475f,0
clgx-network-sbx-77c3,clgx-renters-ins-sbx-d3f0,0
clgx-network-sbx-77c3,clgx-edg-xtractly-poc-9d4c,0
clgx-network-sbx-77c3,clgx-homevisit-data-sbx-fdb4,0
clgx-network-sbx-77c3,clgx-vectorsec-sbx-74e9,0
clgx-network-sbx-77c3,clgx-edg2-sbx-44f5,1
clgx-network-sbx-77c3,clgx-sd-common-sbx-4ec9,0
clgx-network-sbx-77c3,clgx-kafka-glb-sbx-8854,19
clgx-network-sbx-77c3,clgx-threshold-poc-eff3,1
clgx-network-sbx-77c3,clgx-valsvcs-app-sbx-a231,0
clgx-network-sbx-77c3,clgx-vsg-ascope-data-sbx-a77c,2
clgx-network-sbx-77c3,clgx-wvs-data-sbx-60da,0
clgx-network-sbx-77c3,clgx-etech-hn1-sbx-9728,0
clgx-network-sbx-77c3,clgx-analytics2-65bd,6
clgx-network-sbx-77c3,clgx-mtx-data-glb-sbx-43c0,0
clgx-network-sbx-77c3,clgx-tax-dtp-poc-sbx-cf79,0
clgx-network-sbx-77c3,clgx-ctt-sbx-7a02,3
clgx-network-sbx-77c3,clgx-homevisit-app-sbx-8124,0
clgx-network-sbx-77c3,clgx-crux-sbx-3ba1,34
clgx-network-sbx-77c3,clgx-reas-glb-sbx-c3f0,0
clgx-network-sbx-77c3,clgx-pcf-us-w1-sbx-9940,167
clgx-network-sbx-77c3,clgx-coreocr-poc-2831,2
clgx-network-sbx-77c3,clgx-idap-ad-sbx-d33d,0
clgx-network-sbx-77c3,clgx-leasing-mgr-data-sbx-7935,0
clgx-network-sbx-77c3,clgx-cloudops-sbx-2283,4
clgx-network-sbx-77c3,clgx-tax2020acs-poc-ee48,0
clgx-network-sbx-77c3,clgx-dns-poc-a009,0
clgx-network-sbx-77c3,clgx-analytics8-363d,0
clgx-network-sbx-77c3,clgx-control-services-sbx-bdc7,5
clgx-network-sbx-77c3,clgx-vsg-ascope-glb-sbx-a5f1,15
clgx-network-sbx-77c3,clgx-tsg-aus2-poc-6af6,8
clgx-network-sbx-77c3,clgx-vsg-fnc-poc-sbx-ef24,1
clgx-network-sbx-77c3,clgx-ddve-poc-4cb7,0
clgx-network-sbx-77c3,clgx-ping-us-sbx-4c7f,26
clgx-network-sbx-77c3,clgx-forensics-poc-1f0a,0
clgx-network-sbx-77c3,clgx-clpsvcs-data-glb-sbx-f988,8
clgx-network-sbx-77c3,clgx-analytics3-beef,0
clgx-network-sbx-77c3,clgx-forseti-sbx-c8ed,0
clgx-network-sbx-77c3,clgx-analytics9-7c33,0
clgx-network-sbx-77c3,clgx-alfresco-sbx-8f4c,0
clgx-network-sbx-77c3,clgx-cast-aip-glb-sbx-d24d,11
clgx-network-sbx-77c3,clgx-pxpointbld-data-sbx-7b19,0
clgx-network-sbx-77c3,clgx-vsg-qvp-glb-sbx-ef92,9
clgx-network-sbx-77c3,clgx-ecommerce-sbx-e154,0
clgx-network-sbx-77c3,clgx-ins-rct-exp-glb-sbx-5d6c,8
clgx-network-sbx-77c3,clgx-idap-tools-sbx-37c5,8
clgx-network-sbx-77c3,clgx-pxpoint-poc-sbx-poc-e920,0
clgx-network-sbx-77c3,clgx-ea1-poc-5a2f,0
clgx-network-sbx-77c3,clgx-informatica-sbx-8173,0
clgx-network-sbx-77c3,clgx-servicenow-poc-c469,0
clgx-network-sbx-77c3,clgx-tsg-aus1-poc-1e6c,4
clgx-network-sbx-77c3,clgx-greenplum-sbx-d6ec,11
clgx-network-sbx-77c3,clgx-floodcert-app-sbx-a172,0
clgx-network-sbx-77c3,clgx-kta-ad-sbx-5ff3,0
clgx-network-sbx-77c3,clgx-info-sec-glb-sbx-a16d,4
clgx-network-sbx-77c3,clgx-algorithm-proc-sbx-d364,0
clgx-network-sbx-77c3,clgx-tsg-aus3-poc-2754,2
clgx-network-sbx-77c3,clgx-dtetl-spark-sbx-d546,0
clgx-network-sbx-77c3,clgx-uwc-data-sbx-8a97,13
clgx-network-sbx-77c3,clgx-elk-mla-sbx-glb-sbx-1da1,5
clgx-network-sbx-77c3,clgx-exp-poc-349e,0
clgx-network-sbx-77c3,clgx-iac-sbx-8893,1
clgx-network-sbx-77c3,clgx-erwin-glb-sbx-aa7c,0
clgx-network-sbx-77c3,clgx-ins-rct-calc-glb-sbx-f14b,4
clgx-network-sbx-77c3,clgx-jhenry-sbx-7a18,3
clgx-network-sbx-77c3,clgx-tsg-pso2-sbx-6b41,1
clgx-network-sbx-77c3,clgx-das-cdp-glb-sbx-3a9c,2
clgx-network-sbx-77c3,clgx-tibcoebxdb-poc-59c1,0
clgx-network-sbx-77c3,clgx-mssql-st-glb-sbx-7955,19
clgx-network-sbx-77c3,clgx-oracle-glb-sbx-2718,59
clgx-network-sbx-77c3,clgx-microservices-poc-a6fb,0
clgx-network-sbx-77c3,clgx-fema-data-sbx-4fc7,0
clgx-network-sbx-77c3,clgx-grk-poc-sbx-c155,0
clgx-network-sbx-77c3,clgx-portfolio-mgr-sbx-744e,0
clgx-network-sbx-77c3,clgx-ptls-app-sbx-5aee,0
clgx-network-sbx-77c3,clgx-solarch4-poc-c5a7,0
clgx-network-sbx-77c3,clgx-advisorypor-app-sbx-8e33,1
clgx-network-sbx-77c3,clgx-com-exp-app-sbx-02c6,0
clgx-network-sbx-77c3,clgx-ins-dataquick-sbx-8222,1
clgx-network-sbx-77c3,clgx-web-services-sbx-ca51,0
clgx-network-sbx-77c3,clgx-decsvcs-data-sbx-52b8,2
clgx-network-sbx-77c3,clgx-terraform-sbx-dd35,0
clgx-network-sbx-77c3,clgx-ctt-app-sbx-ec62,2
clgx-network-sbx-77c3,clgx-clasia-mft-sbx-2c6e,2
clgx-network-sbx-77c3,clgx-concourse-poc-501a,0
clgx-network-sbx-77c3,clgx-gcs-glb-sbx-a97e,4
clgx-network-sbx-77c3,clgx-renters-ins-data-sbx-47d9,0
clgx-network-sbx-77c3,clgx-advisorypor-data-sbx-ba5a,0
clgx-network-sbx-77c3,clgx-ptls-poc-8b0f,2
clgx-network-sbx-77c3,clgx-dataproc-glb-sbx-1072,4
clgx-network-sbx-77c3,clgx-commvault-sbx-1cea,7
clgx-network-sbx-77c3,clgx-ds-app-sbx-08be,0
clgx-network-sbx-77c3,clgx-rct5-data-sbx-8e76,2
clgx-network-sbx-77c3,clgx-ins-gpl-etl-glb-sbx-9826,0
clgx-network-sbx-77c3,clgx-analytics15-ef98,102
clgx-network-sbx-77c3,clgx-surveillance-sbx-f577,3
clgx-network-sbx-77c3,clgx-tsg-acctdata-poc-85ef,1
clgx-network-sbx-77c3,clgx-geospatial-sbx-3066,0
clgx-network-sbx-77c3,clgx-mtx-glb-sbx-a189,11
clgx-network-sbx-77c3,clgx-tsg-aus-poc-sbx-4601,1
clgx-network-sbx-77c3,clgx-ddve-glb-sbx-7234,6
clgx-network-sbx-77c3,clgx-analytics11-83b4,0
clgx-network-sbx-77c3,clgx-key-management-sbx-e6cf,0
clgx-network-sbx-77c3,clgx-pxpointweb-app-sbx-da56,4
clgx-network-sbx-77c3,clgx-factcheck-data-sbx-aa69,1
clgx-network-sbx-77c3,clgx-imgfact-repo-glb-sbx-11cd,0
clgx-network-sbx-77c3,clgx-idap-db-services-sbx-16f9,5
clgx-network-sbx-77c3,clgx-rqe-sbx-0325,19
clgx-network-sbx-77c3,clgx-kta-sbx-7531,1
clgx-network-sbx-77c3,clgx-rbi-sbx-f32d,0
clgx-network-sbx-77c3,clgx-reactor-app-sbx-9248,0
clgx-network-sbx-77c3,clgx-ptls-data-sbx-7192,3
clgx-network-sbx-77c3,clgx-modelx-sbx-98ab,6
clgx-network-sbx-77c3,clgx-idcservices-app-sbx-c9ab,2
clgx-network-sbx-77c3,clgx-imgfact-glb-sbx-e9fb,9
clgx-network-sbx-77c3,clgx-pcf-eu-w4-sbx-d3d8,96
clgx-network-sbx-77c3,clgx-edg-dsa-poc-ed8c,17
clgx-network-sbx-77c3,clgx-pxpoint-poc-78cb,10
clgx-network-sbx-77c3,clgx-ins-gpl-app-glb-sbx-cbab,0
clgx-network-sbx-77c3,clgx-tsg-infosec-poc-sbx-9a4e,1
clgx-network-sbx-77c3,clgx-incident-mgt-sbx-f894,7
clgx-network-sbx-77c3,clgx-idap-poc-de4d,8
clgx-network-sbx-77c3,clgx-analytics1-b63c,11
clgx-network-sbx-77c3,clgx-clear-poc-1c0f,0
clgx-network-sbx-77c3,clgx-dns-sbx-d830,3
clgx-network-sbx-77c3,clgx-dart-poc-e1d3,2
clgx-network-sbx-77c3,clgx-floodcert-data-sbx-ddac,0
clgx-network-sbx-77c3,clgx-tf-ent-poc-sbx-c067,0
clgx-network-sbx-77c3,clgx-analytics12-ec0d,12
clgx-network-sbx-77c3,clgx-dtsched-data-sbx-6556,1
clgx-network-sbx-77c3,clgx-ds-data-sbx-4095,0
clgx-network-sbx-77c3,clgx-rentersinsurance-poc-3e89,0
clgx-network-sbx-77c3,clgx-analytics10-8691,0
clgx-network-sbx-77c3,clgx-clareity-glb-sbx-5635,0
clgx-network-sbx-77c3,clgx-tsg-clpsvcs-glb-sbx-0a6f,0
clgx-network-sbx-77c3,clgx-leasingmanager-poc-63b1,0
clgx-network-sbx-77c3,clgx-homevisit-poc-99a2,0
clgx-network-sbx-77c3,clgx-pcf-na-ne1-sbx-b9bf,102
clgx-network-sbx-77c3,clgx-analytics14-01c4,7
clgx-network-sbx-77c3,clgx-decsvcs-app-sbx-1fea,3
clgx-network-sbx-77c3,clgx-re-mls-matrix-sbx-dd39,4
clgx-network-sbx-77c3,clgx-tsg-warehouse-poc-d1cd,0
clgx-network-sbx-77c3,clgx-discovery-center-sbx-c573,1
clgx-network-sbx-77c3,clgx-aotf-poc-64ed,0
clgx-network-sbx-77c3,clgx-scdf-app-sbx-90a7,0
clgx-network-sbx-77c3,clgx-oasis-sbx-a3d3,0
clgx-network-sbx-77c3,clgx-tsg-pso3-sbx-1aa0,0
clgx-network-sbx-77c3,clgx-tsg-pso1-sbx-6188,8
clgx-network-sbx-77c3,clgx-ctt-data-sbx-93af,0
clgx-network-sbx-77c3,clgx-tsg-dataportal-poc-225e,2
clgx-network-symbility-4206,clgx-symbility-eu-reg-d3c5,0
clgx-network-symbility-4206,clgx-symbility-ca-sbx-6a7a,1
clgx-network-symbility-4206,clgx-symbility-ca-uat-df07,0
clgx-network-symbility-4206,clgx-symbility-ca-drg-0cba,0
clgx-network-symbility-4206,clgx-symbility-eu-drg-a27c,3
clgx-network-symbility-4206,clgx-symbility-ca-dev-824c,0
clgx-network-symbility-4206,clgx-symbility-eu-uat-c4da,0
clgx-network-symbility-4206,clgx-symbility-ca-reg-660b,0
clgx-network-symbility-4206,clgx-symbility-us-reg-4ec1,0
clgx-network-symbility-4206,clgx-symbility-uk-reg-7d66,0
clgx-network-symbility-4206,clgx-symbility-au-reg-029c,0
clgx-network-symbility-4206,clgx-symbility-uk-drg-6138,0
clgx-network-symbility-4206,clgx-symbility-au-drg-1df2,0
clgx-network-symbility-4206,clgx-symbility-us-drg-387e,0
clgx-network-symbility-4206,clgx-symbility-uk-uat-ec8c,0
